features,accuracy,f1_score,precision,recall
"('Age', 'Breed1', 'Quantity', 'MaturitySize')",0.6298766255418473,0.6281893395436923,0.6309798987266965,0.6298766255418473
"('Age', 'Breed1', 'MaturitySize')",0.6295431810603535,0.6262953653155091,0.6323151390491702,0.6295431810603535
"('PhotoAmt', 'Age', 'Breed1', 'State', 'Breed2')",0.6288762920973658,0.6281093038046168,0.6291347695373137,0.6288762920973658
"('Age', 'Breed1', 'State', 'MaturitySize')",0.6272090696898966,0.6245494071604124,0.6292443011115352,0.6272090696898966
"('Age', 'Breed1', 'Breed2', 'Quantity', 'MaturitySize')",0.6265421807269089,0.6239626750335829,0.6284706835955038,0.6265421807269089
"('Age', 'Breed1', 'State', 'Quantity', 'MaturitySize')",0.6258752917639213,0.6253462546496955,0.625947310616212,0.6258752917639213
"('Age', 'Breed1', 'Breed2', 'Quantity')",0.6258752917639213,0.6242038266093815,0.6268807917223052,0.6258752917639213
"('PhotoAmt', 'Age', 'Breed1', 'Quantity', 'MaturitySize')",0.6248749583194398,0.6230779827879666,0.6259776275246188,0.6248749583194398
"('PhotoAmt', 'Age', 'Breed1', 'State', 'MaturitySize')",0.6248749583194398,0.6242747312935432,0.6249855817158899,0.6248749583194398
"('PhotoAmt', 'Age', 'Breed1', 'Breed2', 'Quantity')",0.624541513837946,0.6238000653015893,0.6247449949035986,0.624541513837946
"('Age', 'Breed1', 'Quantity')",0.6242080693564521,0.6225120919105301,0.625202490055176,0.6242080693564521
"('Age', 'Breed1', 'Quantity', 'MaturitySize', 'Fee')",0.6238746248749584,0.6227518149308171,0.6243631981821574,0.6238746248749584
"('Age', 'Breed1', 'Breed2', 'MaturitySize', 'Fee')",0.6232077359119707,0.6203883813032572,0.6252699612176715,0.6232077359119707
"('Age', 'Breed1', 'State', 'Breed2', 'Quantity')",0.6228742914304768,0.6216775061129854,0.6234100189235223,0.6228742914304768
"('Age', 'Breed1', 'State')",0.622540846948983,0.6197165023321125,0.624584506217117,0.622540846948983
"('Age', 'Breed1')",0.6222074024674892,0.6171729267076709,0.6266034517100852,0.6222074024674892
"('PhotoAmt', 'Age', 'Breed1', 'State', 'Quantity')",0.6215405135045015,0.6204524483476171,0.6219721089644118,0.6215405135045015
"('Age', 'Breed1', 'State', 'Breed2', 'MaturitySize')",0.62054018006002,0.6180875393454505,0.622153682685218,0.62054018006002
"('Age', 'Breed1', 'Color2')",0.6202067355785261,0.616478913517744,0.623077963926475,0.6202067355785261
"('Age', 'Breed1', 'State', 'Breed2')",0.6202067355785261,0.6176894256943267,0.6218717634303847,0.6202067355785261
"('Age', 'Breed1', 'Breed2', 'Quantity', 'Fee')",0.6202067355785261,0.6188210922686013,0.6208579081129244,0.6202067355785261
"('Age', 'Breed1', 'MaturitySize', 'Fee')",0.6198732910970324,0.6159079152960673,0.6229746526232415,0.6198732910970324
"('Age', 'Breed1', 'Color2', 'Quantity', 'MaturitySize')",0.6198732910970324,0.6190758825976491,0.6200764480382788,0.6198732910970324
"('Age', 'Breed1', 'Color1', 'Quantity', 'MaturitySize')",0.6198732910970324,0.6188485348353076,0.6202371746717991,0.6198732910970324
"('Age', 'Breed1', 'State', 'MaturitySize', 'Fee')",0.6195398466155385,0.6165802522012933,0.6216098206227748,0.6195398466155385
"('PhotoAmt', 'Age', 'Breed1', 'MaturitySize')",0.618539513171057,0.6161153572747111,0.6200670311153947,0.618539513171057
"('Age', 'Breed1', 'State', 'Breed2', 'Fee')",0.618539513171057,0.6157298410850817,0.6204291483349513,0.618539513171057
"('Age', 'Breed1', 'Color2', 'State', 'MaturitySize')",0.6175391797265756,0.616700696917635,0.6177491802803833,0.6175391797265756
"('Age', 'Breed1', 'State', 'Fee')",0.6172057352450817,0.6144747043114073,0.6189762644116356,0.6172057352450817
"('PhotoAmt', 'Age', 'Breed1', 'MaturitySize', 'Fee')",0.6172057352450817,0.6153540248981615,0.6181909646880341,0.6172057352450817
"('Age', 'Breed1', 'Color1', 'Breed2', 'Quantity')",0.6168722907635878,0.6158529116510729,0.6171986417790022,0.6168722907635878
"('Age', 'Breed1', 'Breed2', 'MaturitySize')",0.616538846282094,0.6126446350002064,0.6194025231832212,0.616538846282094
"('PhotoAmt', 'Age', 'Breed1', 'State')",0.616538846282094,0.6145738906615488,0.6176056578408256,0.616538846282094
"('Age', 'Breed1', 'Color1', 'Quantity', 'Fee')",0.6162054018006002,0.6144027190609196,0.6171282178660042,0.6162054018006002
"('Age', 'Breed1', 'State', 'Quantity')",0.6158719573191064,0.6147815332217864,0.6162368804211317,0.6158719573191064
"('PhotoAmt', 'Age', 'Breed1', 'Quantity', 'Fee')",0.6155385128376125,0.6141041764068127,0.6161536199261795,0.6155385128376125
"('Age', 'Breed1', 'Color1', 'Fee')",0.6155385128376125,0.6115546111213528,0.6184415837109742,0.6155385128376125
"('Age', 'Breed1', 'Color2', 'State', 'Fee')",0.6152050683561187,0.6119528480126317,0.6173901227071396,0.6152050683561187
"('Age', 'Breed1', 'Color1', 'Quantity')",0.6148716238746249,0.6126872524440649,0.6160854211675079,0.6148716238746249
"('PhotoAmt', 'Age', 'Breed1', 'Breed2', 'MaturitySize')",0.6148716238746249,0.6135288948839006,0.6154068720675314,0.6148716238746249
"('Age', 'Breed1', 'Color2', 'MaturitySize')",0.6148716238746249,0.6132371123060116,0.6156316664060215,0.6148716238746249
"('PhotoAmt', 'Age', 'Breed1', 'Breed2')",0.614538179393131,0.6128160637793627,0.6153615788409307,0.614538179393131
"('Age', 'Breed1', 'Color2', 'MaturitySize', 'Fee')",0.614538179393131,0.6126735651413542,0.6154767661450946,0.614538179393131
"('Age', 'Breed1', 'State', 'Quantity', 'Fee')",0.6142047349116372,0.6134311445415125,0.6143460540574402,0.6142047349116372
"('Age', 'Breed1', 'Color1', 'MaturitySize', 'Fee')",0.6142047349116372,0.6116048603850537,0.6157605538631816,0.6142047349116372
"('PhotoAmt', 'Age', 'Breed1', 'Fee')",0.6138712904301434,0.6112906235589431,0.6154000092559213,0.6138712904301434
"('Age', 'Breed1', 'Fee')",0.6138712904301434,0.609230201479243,0.6173328015797337,0.6138712904301434
"('PhotoAmt', 'Age', 'Breed1', 'Color1', 'State')",0.6135378459486496,0.6132586022362335,0.6134547682328775,0.6135378459486496
"('Age', 'Breed1', 'Quantity', 'Fee')",0.6135378459486496,0.611965211136042,0.6142254997633672,0.6135378459486496
"('PhotoAmt', 'Age', 'Breed1')",0.6132044014671557,0.6101723176940356,0.6151113644569891,0.6132044014671557
"('PhotoAmt', 'Age', 'Breed1', 'Quantity')",0.6132044014671557,0.6118090052692337,0.6137533690063224,0.6132044014671557
"('Age', 'Breed1', 'Color2', 'Breed2', 'Quantity')",0.6118706235411804,0.6106240419909793,0.6122940535912044,0.6118706235411804
"('Age', 'Breed1', 'Color2', 'Color1', 'MaturitySize')",0.6118706235411804,0.6109567689202514,0.6120761307169598,0.6118706235411805
"('Age', 'Breed1', 'Color1', 'State', 'MaturitySize')",0.6118706235411804,0.6096889983370338,0.6130060933028382,0.6118706235411804
"('PhotoAmt', 'Age', 'Breed1', 'Color1', 'MaturitySize')",0.6118706235411804,0.6105940236131601,0.612314914363337,0.6118706235411804
"('PhotoAmt', 'Age', 'Breed1', 'State', 'Fee')",0.6112037345781928,0.609286164750037,0.6121126976426222,0.6112037345781928
"('Age', 'Breed1', 'Color1', 'MaturitySize')",0.6112037345781928,0.6083851378434375,0.6128537686849193,0.6112037345781928
"('Age', 'Breed1', 'Color2', 'State')",0.6108702900966989,0.6083338881166511,0.6122711807419734,0.6108702900966989
"('Age', 'Breed1', 'Breed2', 'Fee')",0.6108702900966989,0.6081163146735519,0.6124542550155258,0.6108702900966989
"('Age', 'Breed1', 'Breed2')",0.610536845615205,0.6083079629949306,0.6116768149244404,0.610536845615205
"('Age', 'Breed1', 'Color1')",0.6092030676892297,0.6051805565002027,0.6118321355704012,0.6092030676892297
"('Age', 'Breed1', 'Color2', 'Fee')",0.6085361787262421,0.6048762629085616,0.6108132729372788,0.6085361787262421
"('Age', 'Breed1', 'Color2', 'Quantity')",0.6085361787262421,0.6075082915460559,0.6087774024948326,0.6085361787262421
"('PhotoAmt', 'Age', 'Breed1', 'Color2', 'Breed2')",0.6085361787262421,0.6081500719189281,0.6084664706228073,0.6085361787262421
"('PhotoAmt', 'Age', 'Breed1', 'Color2', 'State')",0.6085361787262421,0.6078772809532313,0.6085752019232029,0.6085361787262421
"('Age', 'Breed1', 'Color2', 'Breed2')",0.6082027342447482,0.606505146507673,0.608886264805788,0.6082027342447482
"('Age', 'Breed1', 'Color1', 'State', 'Quantity')",0.6078692897632544,0.6068935428989599,0.6080726629874179,0.6078692897632544
"('Age', 'Breed1', 'Color2', 'Breed2', 'MaturitySize')",0.6075358452817606,0.6059046729019033,0.608160093587629,0.6075358452817606
"('Age', 'Breed1', 'Color2', 'Breed2', 'Fee')",0.6072024008002668,0.6056209216129927,0.6077862423643665,0.6072024008002668
"('Age', 'Breed1', 'Color2', 'Color1', 'Fee')",0.6068689563187729,0.6052350121931555,0.60748328863824,0.6068689563187729
"('PhotoAmt', 'Age', 'Breed1', 'Color2', 'MaturitySize')",0.6062020673557853,0.6049523737572376,0.6065520809224232,0.6062020673557853
"('Age', 'Breed1', 'Color1', 'Breed2', 'MaturitySize')",0.6062020673557853,0.6041649954092558,0.6070906665143456,0.6062020673557853
"('Age', 'Breed2', 'Quantity')",0.6058686228742914,0.6050902994551318,0.6059473048511814,0.6058686228742914
"('PhotoAmt', 'Age', 'Breed1', 'Color1', 'Breed2')",0.6058686228742914,0.6049919488992672,0.6059979699528648,0.6058686228742914
"('PhotoAmt', 'Age', 'Breed1', 'Breed2', 'Fee')",0.6052017339113037,0.6030225641716368,0.606171006508844,0.6052017339113037
"('Age', 'Breed1', 'Color1', 'Breed2')",0.6052017339113037,0.6021541972647805,0.6068368441229995,0.6052017339113037
"('Age', 'Breed1', 'Color1', 'Breed2', 'Fee')",0.6038679559853285,0.6014773861723182,0.6049585133593293,0.6038679559853285
"('Age', 'Breed1', 'Color2', 'Quantity', 'Fee')",0.6035345115038346,0.6022150263309844,0.6038916716518725,0.6035345115038346
"('PhotoAmt', 'Age', 'Breed1', 'Color1', 'Fee')",0.6032010670223408,0.6010108541927769,0.6041300696272144,0.6032010670223408
"('Age', 'State', 'Quantity', 'MaturitySize', 'Fee')",0.6028676225408469,0.6021423972015749,0.6028993476359035,0.6028676225408469
"('Age', 'Breed1', 'Color1', 'State', 'Fee')",0.6022007335778593,0.5996942024418829,0.603330537387703,0.6022007335778593
"('Age', 'Breed1', 'Color2', 'Color1')",0.6022007335778593,0.6003690356920397,0.602861843912382,0.6022007335778593
"('Age', 'Breed1', 'Color2', 'State', 'Breed2')",0.6022007335778593,0.6001815566491485,0.6029878058640504,0.6022007335778593
"('Age', 'Breed1', 'Color2', 'State', 'Quantity')",0.6015338446148716,0.6011321221196626,0.6014442112981111,0.6015338446148716
"('PhotoAmt', 'Age', 'Breed1', 'Color1')",0.6015338446148716,0.6001125261815645,0.6019239368283598,0.6015338446148716
"('Age', 'Color1', 'Quantity', 'MaturitySize')",0.600866955651884,0.5993778830519989,0.6012877049892058,0.600866955651884
"('PhotoAmt', 'Age', 'Breed2', 'Quantity', 'MaturitySize')",0.6002000666888962,0.5996652454079326,0.6001425752685278,0.6002000666888962
"('Age', 'State', 'Quantity', 'MaturitySize')",0.6002000666888962,0.598013374038247,0.6010551256036278,0.6002000666888962
"('Age', 'Color1', 'Quantity', 'MaturitySize', 'Fee')",0.5998666222074025,0.5987307637726942,0.600073365713873,0.5998666222074025
"('Age', 'Breed1', 'Color2', 'Color1', 'Breed2')",0.5995331777259086,0.5983818418198134,0.5997442882230898,0.5995331777259086
"('Age', 'Breed1', 'Color1', 'State', 'Breed2')",0.5995331777259086,0.5981688562424201,0.5998612536464055,0.5995331777259086
"('Age', 'Color1', 'State', 'MaturitySize', 'Fee')",0.5991997332444148,0.5971459274566797,0.5999441421513895,0.5991997332444149
"('Age', 'Breed1', 'Color2', 'Color1', 'Quantity')",0.5991997332444148,0.5982024137453655,0.5993287458327313,0.5991997332444148
"('Age', 'Color1', 'MaturitySize')",0.5991997332444148,0.5951294358871722,0.6013946771599175,0.5991997332444148
"('Age', 'Quantity')",0.598866288762921,0.598853796367679,0.5988446329786902,0.598866288762921
"('PhotoAmt', 'Age', 'Breed1', 'Color1', 'Quantity')",0.598866288762921,0.5975312671792886,0.5991687269139907,0.598866288762921
"('Age', 'State', 'Breed2', 'Quantity')",0.5981993997999333,0.5970442293029767,0.5983971475721004,0.5981993997999333
"('PhotoAmt', 'Age', 'State', 'Breed2', 'MaturitySize')",0.5978659553184394,0.5973178685192951,0.5978013133097067,0.5978659553184394
"('PhotoAmt', 'Age', 'State', 'Quantity', 'MaturitySize')",0.5975325108369457,0.5968663299811366,0.5975055905334619,0.5975325108369457
"('Age', 'State', 'MaturitySize', 'Fee')",0.5971990663554518,0.5963031085197249,0.5972625213053855,0.5971990663554518
"('Age', 'State', 'Breed2', 'Quantity', 'MaturitySize')",0.596865621873958,0.595876117067403,0.5969682947905983,0.596865621873958
"('Age',)",0.5965321773924641,0.5948019737712041,0.5970237822875315,0.5965321773924641
"('Age', 'Color1', 'State', 'Quantity', 'MaturitySize')",0.5961987329109704,0.5953134646619495,0.5962490532037538,0.5961987329109704
"('Age', 'State', 'MaturitySize')",0.5958652884294765,0.5940597485299202,0.5963887576245493,0.5958652884294765
"('Age', 'Color1', 'Quantity', 'Fee')",0.5958652884294765,0.5948041306250593,0.5959913569832825,0.5958652884294765
"('Age', 'Color1', 'Breed2', 'Quantity')",0.5958652884294765,0.5947180714104212,0.5960324870370585,0.5958652884294765
"('Age', 'Color2', 'Breed2', 'Quantity')",0.5955318439479826,0.5948396729051415,0.595501748782926,0.5955318439479826
"('Age', 'Color1')",0.5955318439479826,0.5928509862749941,0.596593217878918,0.5955318439479826
"('Age', 'Quantity', 'Fee')",0.5951983994664888,0.5950889502919411,0.5950986432227178,0.5951983994664888
"('Age', 'Color1', 'Fee')",0.5951983994664888,0.5927126864919428,0.5961242999724601,0.5951983994664888
"('Age', 'Breed1', 'Color1', 'State')",0.5951983994664888,0.5935335890602277,0.5956292834911759,0.5951983994664888
"('PhotoAmt', 'Age', 'Breed1', 'Color2', 'Color1')",0.5945315105035012,0.5937307987626399,0.594534421605071,0.5945315105035012
"('PhotoAmt', 'Age', 'Breed1', 'Color2', 'Fee')",0.5945315105035012,0.5927927273601522,0.5949923560236989,0.5945315105035012
"('Age', 'State')",0.5945315105035012,0.5938490405784747,0.594491815265261,0.5945315105035012
"('Age', 'Color1', 'MaturitySize', 'Fee')",0.5941980660220073,0.5935263658550483,0.5941527405686953,0.5941980660220073
"('Age', 'Color1', 'State', 'Quantity', 'Fee')",0.5941980660220073,0.5926503239961675,0.5945484666734949,0.5941980660220073
"('Age', 'Breed2', 'Quantity', 'Fee')",0.5941980660220073,0.593592433679729,0.5941319917375927,0.5941980660220073
"('Age', 'Quantity', 'MaturitySize')",0.5938646215405136,0.5919380967420689,0.5944197466910398,0.5938646215405136
"('Age', 'Color1', 'State', 'MaturitySize')",0.5938646215405136,0.5914136838029322,0.5947337355147556,0.5938646215405136
"('Age', 'Color2', 'MaturitySize')",0.5938646215405136,0.5910134259100202,0.5949874557560081,0.5938646215405136
"('PhotoAmt', 'Age', 'Breed1', 'Color2', 'Quantity')",0.5938646215405136,0.5936224790305319,0.5937376532742922,0.5938646215405136
"('Age', 'Color2', 'State', 'MaturitySize', 'Fee')",0.5938646215405136,0.5907295711727218,0.595173452660364,0.5938646215405136
"('Age', 'Breed1', 'Color2', 'Color1', 'State')",0.5931977325775258,0.5923188038373419,0.5932205048833451,0.5931977325775258
"('PhotoAmt', 'Age', 'Color1', 'State', 'MaturitySize')",0.5931977325775258,0.5921295704311654,0.5932995579282194,0.5931977325775258
"('PhotoAmt', 'Age', 'State', 'MaturitySize', 'Fee')",0.5925308436145382,0.5924305603655501,0.5924335933915434,0.5925308436145382
"('Age', 'MaturitySize')",0.5925308436145382,0.5924745455635093,0.5924609389629703,0.5925308436145382
"('Age', 'State', 'Breed2')",0.5921973991330444,0.590430463130965,0.5926321262410895,0.5921973991330444
"('Age', 'State', 'Quantity')",0.5921973991330444,0.5919179136482605,0.5920666088777389,0.5921973991330444
"('PhotoAmt', 'Age', 'Breed2', 'MaturitySize')",0.5918639546515505,0.5906151340457305,0.5920326074801682,0.5918639546515505
"('Age', 'State', 'Breed2', 'Quantity', 'Fee')",0.5915305101700566,0.5912798770340429,0.5913989790126498,0.5915305101700566
"('Age', 'State', 'Fee')",0.5911970656885629,0.5899462045261974,0.5913585749215823,0.5911970656885629
"('Age', 'Color2', 'State', 'MaturitySize')",0.5911970656885629,0.5885547655865748,0.5921116962503611,0.5911970656885629
"('Age', 'MaturitySize', 'Fee')",0.590863621207069,0.5908906431925154,0.5910607525326652,0.590863621207069
"('PhotoAmt', 'Age', 'Color2', 'State', 'MaturitySize')",0.590863621207069,0.5903366740838881,0.5907606321323905,0.590863621207069
"('Age', 'Color1', 'State', 'Breed2', 'Quantity')",0.5905301767255752,0.5903268225441666,0.5904014668239668,0.5905301767255752
"('Age', 'Fee')",0.5905301767255752,0.5890529814401887,0.5907893761795312,0.5905301767255752
"('Age', 'Color2', 'Breed2', 'Quantity', 'MaturitySize')",0.5905301767255752,0.5901439343426955,0.5904018797109597,0.5905301767255752
"('Age', 'Quantity', 'MaturitySize', 'Fee')",0.5905301767255752,0.58921505460904,0.590712812607988,0.5905301767255752
"('Age', 'Color1', 'Quantity')",0.5901967322440813,0.5890774751819999,0.5902892231359006,0.5901967322440813
"('PhotoAmt', 'Age', 'Breed1', 'Color2')",0.5901967322440813,0.5889581451749445,0.5903407149314676,0.5901967322440813
"('Age', 'Color2', 'Color1', 'Breed2', 'MaturitySize')",0.5898632877625876,0.5875160911676068,0.5905707745653873,0.5898632877625876
"('PhotoAmt', 'Age', 'Breed2', 'Quantity')",0.5898632877625876,0.5897623479947844,0.5897642580904269,0.5898632877625876
"('PhotoAmt', 'Age', 'Color1', 'Breed2', 'MaturitySize')",0.5898632877625876,0.5887863701887979,0.5899348091093904,0.5898632877625876
"('PhotoAmt', 'Age', 'State', 'Quantity')",0.5898632877625876,0.5887285173066782,0.5899587184074419,0.5898632877625876
"('Age', 'Color2', 'Color1', 'Quantity', 'MaturitySize')",0.5895298432810937,0.5869874675303272,0.5903405015933976,0.5895298432810937
"('PhotoAmt', 'Age', 'State', 'Quantity', 'Fee')",0.5895298432810937,0.5881637488758973,0.5897228374382272,0.5895298432810937
"('PhotoAmt', 'Age', 'State', 'MaturitySize')",0.5895298432810937,0.588349747943539,0.5896407333406706,0.5895298432810937
"('Age', 'State', 'Quantity', 'Fee')",0.5895298432810937,0.5879297435955513,0.589833778629338,0.5895298432810937
"('Age', 'Breed2', 'Quantity', 'MaturitySize')",0.5891963987995998,0.5891915557063006,0.5891872366360856,0.5891963987995998
"('Age', 'Color1', 'Breed2', 'Quantity', 'MaturitySize')",0.588862954318106,0.5885341730445084,0.588725586980241,0.588862954318106
"('Age', 'Color1', 'Breed2', 'Quantity', 'Fee')",0.5881960653551184,0.5881648256021944,0.5881494113978887,0.5881960653551184
"('Age', 'Color2', 'Color1', 'MaturitySize')",0.5878626208736245,0.5827221541585929,0.5902479318583898,0.5878626208736245
"('PhotoAmt', 'Age', 'MaturitySize', 'Fee')",0.5875291763921308,0.5863731685567004,0.5876080378106846,0.5875291763921308
"('PhotoAmt', 'Age', 'Quantity', 'MaturitySize', 'Fee')",0.5875291763921308,0.5872154187616162,0.5873882126422783,0.5875291763921308
"('Age', 'Breed2', 'Quantity', 'MaturitySize', 'Fee')",0.5871957319106369,0.587161017904427,0.5871451056704172,0.5871957319106369
"('Age', 'Color1', 'State')",0.5871957319106369,0.5860239046254963,0.5872772499039599,0.5871957319106369
"('Age', 'Color2', 'Color1', 'State', 'MaturitySize')",0.586862287429143,0.584684710913886,0.5874085883363899,0.586862287429143
"('Age', 'Color1', 'State', 'Quantity')",0.5865288429476492,0.5851365364580664,0.5866935955249126,0.5865288429476492
"('Age', 'Color2', 'State', 'Fee')",0.5861953984661554,0.5829266682949605,0.587326651576215,0.5861953984661554
"('PhotoAmt', 'Age', 'Breed2', 'MaturitySize', 'Fee')",0.5861953984661554,0.5850652129380489,0.586249951536918,0.5861953984661554
"('PhotoAmt', 'Age', 'MaturitySize')",0.5858619539846616,0.5841945540266018,0.5861390847810971,0.5858619539846616
"('PhotoAmt', 'Age', 'Quantity', 'MaturitySize')",0.5855285095031677,0.5846198485341066,0.5854989896654389,0.5855285095031677
"('Age', 'Color2', 'Breed2', 'MaturitySize')",0.5851950650216738,0.5841628974203283,0.5852039565828528,0.5851950650216738
"('Age', 'Color2')",0.5851950650216738,0.5830290613267074,0.5856992213637796,0.5851950650216738
"('PhotoAmt', 'Age', 'Quantity')",0.5851950650216738,0.583987361945402,0.5852683203084923,0.5851950650216738
"('Age', 'Breed2')",0.5848616205401801,0.5812747174166337,0.5861300318048368,0.5848616205401801
"('Age', 'Color2', 'MaturitySize', 'Fee')",0.5848616205401801,0.5827141568878269,0.5853493983581254,0.5848616205401801
"('Age', 'Breed2', 'MaturitySize')",0.5845281760586862,0.583874711700524,0.5844215998378173,0.5845281760586862
"('Age', 'Color2', 'Quantity')",0.5845281760586862,0.583378644361074,0.5845723137368877,0.5845281760586862
"('PhotoAmt', 'Age', 'Color2', 'Quantity', 'MaturitySize')",0.5841947315771924,0.5835519787029942,0.584083973732328,0.5841947315771924
"('PhotoAmt', 'Age', 'Color1', 'Breed2', 'Fee')",0.5841947315771924,0.5833861544538799,0.5841250523981569,0.5841947315771924
"('Age', 'Color1', 'State', 'Fee')",0.5835278426142048,0.5823606204747929,0.5835676986161857,0.5835278426142048
"('Age', 'Color2', 'Breed2', 'MaturitySize', 'Fee')",0.5831943981327109,0.581443799321493,0.5834647104107664,0.5831943981327109
"('PhotoAmt', 'Age', 'Color1', 'Breed2')",0.5831943981327109,0.5822938563907192,0.5831434902264854,0.5831943981327109
"('PhotoAmt', 'Age', 'Color2', 'MaturitySize', 'Fee')",0.5831943981327109,0.5816220881081017,0.5833882519221137,0.5831943981327109
"('Age', 'Color2', 'Breed2')",0.5831943981327109,0.5832103432732114,0.5832345871841279,0.5831943981327109
"('Age', 'Color1', 'Breed2', 'MaturitySize', 'Fee')",0.582860953651217,0.5819196677797432,0.5828194679079168,0.582860953651217
"('Age', 'Color2', 'Fee')",0.582860953651217,0.5804090812238306,0.5834538547168252,0.582860953651217
"('PhotoAmt', 'Age', 'Color1', 'Breed2', 'Quantity')",0.5825275091697233,0.5821337180757775,0.5823753225818282,0.5825275091697233
"('PhotoAmt', 'Age', 'State', 'Breed2', 'Quantity')",0.5825275091697233,0.5820202902823902,0.5823853419958159,0.5825275091697233
"('Age', 'Color2', 'State', 'Breed2', 'MaturitySize')",0.5825275091697233,0.5820202902823902,0.5823853419958159,0.5825275091697233
"('PhotoAmt', 'Age', 'State')",0.5821940646882294,0.5800733365309163,0.5826128808823975,0.5821940646882294
"('PhotoAmt', 'Age', 'State', 'Breed2')",0.5821940646882294,0.5808035559232325,0.5823010671358416,0.5821940646882294
"('Age', 'Color2', 'State', 'Quantity')",0.5821940646882294,0.5801134863967965,0.5825943365684026,0.5821940646882294
"('PhotoAmt', 'Age', 'Color2', 'MaturitySize')",0.5818606202067356,0.5797179642518105,0.5822826264619533,0.5818606202067356
"('PhotoAmt', 'Age', 'Quantity', 'Fee')",0.5818606202067356,0.5808761067233636,0.5818236073577597,0.5818606202067356
"('Age', 'Color2', 'Color1', 'MaturitySize', 'Fee')",0.5818606202067356,0.5799159903578877,0.5821928661881645,0.5818606202067356
"('PhotoAmt', 'Age')",0.5818606202067356,0.5811091793107658,0.581760473160697,0.5818606202067356
"('Age', 'Color2', 'State')",0.5818606202067356,0.5787318850922872,0.5827717511832864,0.5818606202067356
"('Age', 'Color1', 'Breed2', 'MaturitySize')",0.5818606202067356,0.5812475918673934,0.581731704706195,0.5818606202067356
"('Age', 'Color2', 'Quantity', 'MaturitySize')",0.5818606202067356,0.5792930056514796,0.582485741942921,0.5818606202067356
"('Age', 'Color2', 'Breed2', 'Quantity', 'Fee')",0.5818606202067356,0.5810093673042874,0.5817855632910746,0.5818606202067356
"('PhotoAmt', 'Age', 'Breed2', 'Quantity', 'Fee')",0.5815271757252417,0.5809461707767819,0.5813912051269247,0.5815271757252417
"('Age', 'Color2', 'State', 'Quantity', 'MaturitySize')",0.5815271757252417,0.5807871974593731,0.5814222481603585,0.5815271757252417
"('PhotoAmt', 'Breed1', 'State', 'Breed2', 'MaturitySize')",0.5815271757252417,0.5813454017293365,0.582283672699148,0.5815271757252417
"('Age', 'Color1', 'Breed2')",0.581193731243748,0.580972212645639,0.5810485978094654,0.581193731243748
"('PhotoAmt', 'Age', 'State', 'Breed2', 'Fee')",0.581193731243748,0.5806646111890923,0.5810487821668289,0.581193731243748
"('Age', 'Color1', 'State', 'Breed2')",0.5808602867622541,0.5802995942266651,0.5807181346517694,0.5808602867622541
"('Age', 'State', 'Breed2', 'MaturitySize')",0.5808602867622541,0.580278355909494,0.5807212760089854,0.5808602867622541
"('Age', 'Color2', 'Breed2', 'Fee')",0.5808602867622541,0.5802567407679978,0.5807247075982318,0.5808602867622541
"('PhotoAmt', 'Age', 'Color1', 'Quantity', 'MaturitySize')",0.5808602867622541,0.5804191177776279,0.5807053700411455,0.580860286762254
"('Age', 'Color2', 'Quantity', 'MaturitySize', 'Fee')",0.5805268422807602,0.5790475300496735,0.5806452855736506,0.5805268422807602
"('Age', 'Color2', 'State', 'Quantity', 'Fee')",0.5801933977992664,0.5776820172768239,0.58074946473585,0.5801933977992664
"('PhotoAmt', 'Breed1', 'State', 'Breed2')",0.5801933977992664,0.5790038801612986,0.582355966096606,0.5801933977992664
"('Age', 'Color1', 'State', 'Breed2', 'MaturitySize')",0.5798599533177726,0.5798496729199304,0.5798414553774939,0.5798599533177726
"('PhotoAmt', 'Age', 'Color2', 'Breed2', 'Fee')",0.5798599533177726,0.5778669966297264,0.5801752690261043,0.5798599533177726
"('PhotoAmt', 'Age', 'Color2', 'Color1', 'MaturitySize')",0.5791930643547849,0.5782022700836403,0.5791344941702753,0.5791930643547849
"('Age', 'Breed2', 'MaturitySize', 'Fee')",0.5791930643547849,0.578310319156345,0.5791059897856584,0.5791930643547849
"('Age', 'Color1', 'State', 'Breed2', 'Fee')",0.5791930643547849,0.5791265888282928,0.5791116310087927,0.5791930643547849
"('PhotoAmt', 'Breed1', 'State', 'Breed2', 'Fee')",0.578859619873291,0.5788891223151608,0.5789753859756901,0.578859619873291
"('PhotoAmt', 'Age', 'Color1', 'Quantity', 'Fee')",0.578859619873291,0.5782310959223483,0.5787178953212133,0.578859619873291
"('PhotoAmt', 'Age', 'Color1', 'Fee')",0.578859619873291,0.5771458685632623,0.5790431604150713,0.578859619873291
"('PhotoAmt', 'Age', 'Color1', 'MaturitySize')",0.578859619873291,0.5777684220363709,0.5788267881906674,0.578859619873291
"('PhotoAmt', 'Age', 'Color2', 'Breed2', 'MaturitySize')",0.5785261753917973,0.5777687421441849,0.578405905704235,0.5785261753917973
"('Breed1', 'Color1', 'State', 'Breed2', 'Quantity')",0.5785261753917973,0.5782677932194179,0.5794034239136073,0.5785261753917973
"('Age', 'Color1', 'Breed2', 'Fee')",0.5785261753917973,0.5781286099423185,0.5783620440172624,0.5785261753917973
"('Age', 'Color2', 'Color1', 'Quantity')",0.5785261753917973,0.5755672991381491,0.579250051712972,0.5785261753917973
"('PhotoAmt', 'Age', 'Color1', 'MaturitySize', 'Fee')",0.5781927309103034,0.5772134532970136,0.5781223834103872,0.5781927309103034
"('Breed1', 'State', 'Breed2', 'Quantity', 'Fee')",0.5781927309103034,0.5781500521314249,0.5786509139666433,0.5781927309103034
"('Breed1', 'State', 'Breed2', 'MaturitySize')",0.5781927309103034,0.576808097229991,0.5805534305339843,0.5781927309103034
"('PhotoAmt', 'Breed1', 'Breed2', 'MaturitySize', 'Fee')",0.5778592864288096,0.5774341716021426,0.5789902385399164,0.5778592864288096
"('PhotoAmt', 'Age', 'Color1', 'Quantity')",0.5778592864288096,0.5772623515031324,0.5777079985041991,0.5778592864288096
"('Breed1', 'Color1', 'State', 'Breed2', 'MaturitySize')",0.5775258419473158,0.5757182041716222,0.5803580206696679,0.5775258419473158
"('Breed1', 'Color2', 'State', 'Breed2', 'Fee')",0.5775258419473158,0.5773294530221178,0.5782938311665223,0.5775258419473158
"('PhotoAmt', 'Age', 'Color1')",0.5765255085028342,0.5745950101085487,0.5767531765860725,0.5765255085028342
"('PhotoAmt', 'Age', 'State', 'Fee')",0.5765255085028342,0.5756892388392703,0.5764080776259543,0.5765255085028342
"('Age', 'Color2', 'Color1')",0.5761920640213405,0.5712553344468835,0.5778293343387785,0.5761920640213405
"('PhotoAmt', 'Age', 'Fee')",0.5761920640213405,0.5751801702555439,0.576112761089218,0.5761920640213405
"('Age', 'State', 'Breed2', 'MaturitySize', 'Fee')",0.5761920640213405,0.5759882917236808,0.5760440692644653,0.5761920640213405
"('Age', 'Color2', 'Color1', 'Breed2', 'Quantity')",0.5761920640213405,0.575151815378552,0.5761200075954365,0.5761920640213405
"('PhotoAmt', 'Age', 'Color2', 'State', 'Breed2')",0.5758586195398466,0.5750210329161825,0.5757367315526536,0.5758586195398466
"('Age', 'Color2', 'Color1', 'State', 'Quantity')",0.5758586195398466,0.5734312747684519,0.5762731343221579,0.5758586195398466
"('Age', 'Color2', 'Color1', 'Fee')",0.5755251750583528,0.5723240645605211,0.5762713836962456,0.5755251750583528
"('PhotoAmt', 'Age', 'Color2', 'State')",0.5751917305768589,0.574076289122381,0.5751299143065431,0.5751917305768589
"('PhotoAmt', 'Age', 'Color2', 'State', 'Fee')",0.5748582860953652,0.5736971365801872,0.5748053486731334,0.5748582860953652
"('Age', 'Color2', 'Color1', 'State', 'Fee')",0.5748582860953652,0.5726174385917713,0.5751745686460975,0.5748582860953652
"('Breed1', 'State', 'Breed2', 'MaturitySize', 'Fee')",0.5748582860953652,0.5746473200601631,0.5756409994036357,0.5748582860953652
"('PhotoAmt', 'Age', 'Color2', 'State', 'Quantity')",0.5745248416138713,0.5740864944990844,0.5743484931857479,0.5745248416138713
"('Breed1', 'Color1', 'State', 'Breed2', 'Fee')",0.5745248416138713,0.5745411184132942,0.5745655705376982,0.5745248416138712
"('Breed1', 'State', 'Breed2', 'Fee')",0.5745248416138713,0.5743936919774636,0.5751650042593074,0.5745248416138713
"('PhotoAmt', 'Age', 'Color2')",0.5745248416138713,0.5717747804963047,0.5750423857760105,0.5745248416138713
"('Breed1', 'Color2', 'Breed2', 'MaturitySize', 'Fee')",0.5745248416138713,0.5743463679499633,0.5752507268019056,0.5745248416138713
"('PhotoAmt', 'Age', 'Breed2')",0.5741913971323774,0.5731173635675721,0.5741094519092743,0.5741913971323774
"('Age', 'Color2', 'Color1', 'State')",0.5738579526508836,0.5719152936367915,0.5740418404790414,0.5738579526508836
"('Breed1', 'State', 'Breed2', 'Quantity')",0.5738579526508836,0.5736664004890224,0.5746040375909137,0.5738579526508836
"('Breed1', 'State', 'MaturitySize', 'Fee')",0.5735245081693898,0.571883522210347,0.5760781713347247,0.5735245081693898
"('Age', 'State', 'Breed2', 'Fee')",0.5735245081693898,0.5730756178501083,0.5733448892363693,0.5735245081693898
"('Breed1', 'Color1', 'State', 'MaturitySize', 'Fee')",0.5735245081693898,0.5720912768652087,0.5758496034428395,0.5735245081693898
"('PhotoAmt', 'Age', 'Color2', 'Fee')",0.5735245081693898,0.5704080643792685,0.5741710387157563,0.5735245081693898
"('PhotoAmt', 'Breed1', 'Breed2', 'MaturitySize')",0.573191063687896,0.5721737237753823,0.5750369113765155,0.573191063687896
"('PhotoAmt', 'Age', 'Color1', 'State', 'Breed2')",0.573191063687896,0.5728906573144156,0.5730192899342068,0.573191063687896
"('PhotoAmt', 'Breed1', 'State', 'MaturitySize', 'Fee')",0.573191063687896,0.5731748282655177,0.5731631808554598,0.573191063687896
"('PhotoAmt', 'Breed1', 'Color1', 'State', 'Breed2')",0.5728576192064021,0.5728352028603977,0.5732564186448418,0.5728576192064021
"('Breed1', 'Color2', 'Color1', 'State', 'Breed2')",0.5728576192064021,0.5709920304909887,0.5756371485141973,0.5728576192064021
"('PhotoAmt', 'Breed1', 'Quantity', 'MaturitySize', 'Fee')",0.5728576192064021,0.5715531310495492,0.575026579416565,0.5728576192064021
"('Breed1', 'Color2', 'Breed2', 'Fee')",0.5728576192064021,0.5728755746739839,0.5729038470104985,0.5728576192064021
"('Age', 'Color2', 'State', 'Breed2')",0.5725241747249084,0.5713717733849687,0.5724453768293933,0.5725241747249084
"('Age', 'Color2', 'State', 'Breed2', 'Quantity')",0.5725241747249084,0.5717057062175156,0.5723756340351197,0.5725241747249084
"('Age', 'Color2', 'Color1', 'Breed2')",0.5725241747249084,0.5708030742851075,0.5726096112915536,0.5725241747249084
"('Age', 'Color2', 'Quantity', 'Fee')",0.5721907302434145,0.5707332577510618,0.5721901625594435,0.5721907302434145
"('PhotoAmt', 'Age', 'Color2', 'Color1', 'State')",0.5718572857619206,0.571471473671325,0.5716741716142647,0.5718572857619206
"('PhotoAmt', 'Age', 'Color2', 'Quantity')",0.5718572857619206,0.5708772831186636,0.5717336526269129,0.5718572857619206
"('PhotoAmt', 'Age', 'Color1', 'State', 'Quantity')",0.5715238412804268,0.5708382486330693,0.5713506292834456,0.5715238412804268
"('PhotoAmt', 'Breed1', 'Quantity', 'MaturitySize')",0.571190396798933,0.5697660977535471,0.5734602035428219,0.571190396798933
"('Breed1', 'Color1', 'State', 'Breed2')",0.5708569523174392,0.5689440799288188,0.5736357412050943,0.5708569523174392
"('PhotoAmt', 'Age', 'Color2', 'Breed2', 'Quantity')",0.5708569523174392,0.5698036084911063,0.5707398044482977,0.5708569523174392
"('PhotoAmt', 'Breed1', 'State')",0.5708569523174392,0.5699039570750949,0.5725954161046002,0.5708569523174392
"('PhotoAmt', 'Age', 'Color2', 'Color1', 'Quantity')",0.5708569523174392,0.5704429653876524,0.5706694854360531,0.5708569523174392
"('Age', 'Color2', 'State', 'Breed2', 'Fee')",0.5708569523174392,0.569774508153066,0.5707459856207568,0.5708569523174392
"('PhotoAmt', 'Age', 'Color2', 'Quantity', 'Fee')",0.5708569523174392,0.5697450191296987,0.5707524245929019,0.5708569523174392
"('Age', 'Breed2', 'Fee')",0.5705235078359453,0.5705470974901805,0.5707538990332985,0.5705235078359453
"('Breed1', 'State', 'Breed2', 'Quantity', 'MaturitySize')",0.5705235078359453,0.5693828415740787,0.5724700930432338,0.5705235078359453
"('Breed1', 'Color1', 'State', 'Fee')",0.5705235078359453,0.5705157720950496,0.5708781102890258,0.5705235078359453
"('Breed1', 'State', 'MaturitySize')",0.5701900633544514,0.5692898606590624,0.5718586515284013,0.5701900633544514
"('PhotoAmt', 'Age', 'Color1', 'State', 'Fee')",0.5695231743914638,0.5688577421856982,0.5693372356359003,0.5695231743914638
"('PhotoAmt', 'Breed1', 'State', 'MaturitySize')",0.56918972990997,0.5691819701450341,0.5695434191205416,0.56918972990997
"('Breed1', 'Breed2', 'MaturitySize', 'Fee')",0.56918972990997,0.5691498765810759,0.5696287488650911,0.56918972990997
"('PhotoAmt', 'Breed1', 'Breed2', 'Quantity', 'Fee')",0.5688562854284761,0.5682022641801618,0.5702177705489039,0.5688562854284761
"('Age', 'Color2', 'Color1', 'Breed2', 'Fee')",0.5688562854284761,0.5670643517945292,0.568905406523066,0.5688562854284761
"('Age', 'Color2', 'Color1', 'State', 'Breed2')",0.5685228409469824,0.5668225430597521,0.5685402652555755,0.5685228409469824
"('Breed1', 'Color1', 'State', 'Quantity', 'Fee')",0.5685228409469824,0.5682274069953918,0.5694094644169285,0.5685228409469824
"('PhotoAmt', 'Age', 'Color2', 'Color1', 'Fee')",0.5685228409469824,0.5674782507890496,0.5683832620441569,0.5685228409469824
"('Breed1', 'State', 'Fee')",0.5685228409469824,0.5685252396414401,0.5688437807041601,0.5685228409469824
"('Breed1', 'Color1', 'State', 'MaturitySize')",0.5681893964654885,0.5678006919530622,0.5692055595151453,0.5681893964654885
"('PhotoAmt', 'Breed1', 'State', 'Fee')",0.5681893964654885,0.5680329380729555,0.5680494771657517,0.5681893964654885
"('Breed1', 'Color2', 'State', 'Breed2')",0.5678559519839946,0.5678004066741709,0.5683291377855475,0.5678559519839946
"('Breed1', 'Color1', 'Breed2', 'Quantity', 'Fee')",0.5678559519839946,0.567887089632574,0.5679909564117187,0.5678559519839946
"('PhotoAmt', 'Breed1', 'Breed2', 'Quantity')",0.5675225075025009,0.5665621074797187,0.569224674778123,0.5675225075025009
"('PhotoAmt', 'Age', 'Color2', 'Breed2')",0.5675225075025009,0.5661500666919029,0.5674416647598736,0.5675225075025008
"('Breed1', 'State', 'Breed2')",0.5675225075025009,0.5675474161302856,0.5677451048828862,0.5675225075025009
"('Breed1', 'State', 'Quantity', 'Fee')",0.567189063021007,0.5671562432525623,0.5676085015541369,0.567189063021007
"('PhotoAmt', 'Age', 'Color2', 'Color1', 'Breed2')",0.5668556185395132,0.5657630816556587,0.5667098260745359,0.5668556185395132
"('PhotoAmt', 'Breed1', 'State', 'Breed2', 'Quantity')",0.5668556185395132,0.5667047620171727,0.5675091353674603,0.5668556185395132
"('PhotoAmt', 'Age', 'Breed2', 'Fee')",0.5668556185395132,0.5661625564002779,0.5666575709456068,0.5668556185395133
"('Breed1', 'State')",0.5668556185395132,0.5667541264955439,0.5667445274442146,0.5668556185395132
"('Breed1', 'Breed2', 'Fee')",0.5665221740580193,0.5665508061438899,0.5666202505529209,0.5665221740580193
"('PhotoAmt', 'Age', 'Color1', 'State')",0.5661887295765256,0.5644976412817321,0.5661685900221368,0.5661887295765256
"('PhotoAmt', 'Breed1', 'Color1', 'Breed2', 'Quantity')",0.5661887295765256,0.5660715106787139,0.5667811806252431,0.5661887295765256
"('Breed1', 'State', 'Quantity')",0.5658552850950317,0.5658622360506191,0.5661591665590848,0.5658552850950317
"('PhotoAmt', 'Breed1', 'MaturitySize', 'Fee')",0.5658552850950317,0.5644802237109826,0.5679728341582172,0.5658552850950317
"('Breed1', 'Color2', 'Color1', 'Breed2', 'Fee')",0.5658552850950317,0.5648204596527716,0.5676159975444446,0.5658552850950317
"('Breed1', 'Color1', 'State')",0.5658552850950317,0.565296829770864,0.5670732278593459,0.5658552850950317
"('PhotoAmt', 'Breed1', 'Breed2')",0.5658552850950317,0.5635299191076741,0.5689048551758588,0.5658552850950317
"('Age', 'Color2', 'Color1', 'Quantity', 'Fee')",0.5658552850950317,0.5636306136011622,0.5659796889024739,0.5658552850950317
"('Breed1', 'Color2', 'MaturitySize', 'Fee')",0.5655218406135378,0.5654700534451378,0.5659831382930709,0.5655218406135378
"('Breed1', 'Color2', 'State', 'Fee')",0.5655218406135378,0.5654251216275019,0.5660746727103462,0.5655218406135378
"('Breed1', 'Breed2', 'MaturitySize')",0.565188396132044,0.5652198223219992,0.5653362046484548,0.565188396132044
"('Breed1', 'Color1', 'Breed2', 'MaturitySize', 'Fee')",0.565188396132044,0.5646290829655966,0.5664018573634014,0.565188396132044
"('Breed1', 'State', 'Quantity', 'MaturitySize', 'Fee')",0.5648549516505502,0.5644632455588773,0.5658545500980342,0.5648549516505502
"('Breed1', 'Color2', 'State', 'Breed2', 'MaturitySize')",0.5648549516505502,0.5637740349927526,0.5666504051550288,0.5648549516505502
"('Breed1', 'MaturitySize', 'Fee')",0.5648549516505502,0.564878856047696,0.5649239851571475,0.5648549516505502
"('PhotoAmt', 'Breed1', 'Breed2', 'Fee')",0.5645215071690564,0.5639613361603291,0.5657304868674571,0.5645215071690564
"('Breed1', 'Color1', 'MaturitySize', 'Fee')",0.5641880626875625,0.5637395730388003,0.5652566274287742,0.5641880626875625
"('Breed1', 'Fee')",0.5638546182060686,0.5637672763228153,0.5637521535621065,0.5638546182060686
"('Breed1', 'Color1', 'Breed2', 'Quantity', 'MaturitySize')",0.5635211737245749,0.5629704114922519,0.5647106393431429,0.5635211737245749
"('PhotoAmt', 'Breed1', 'Color2', 'State', 'Breed2')",0.5635211737245749,0.5633691558741177,0.5641667425844554,0.5635211737245749
"('Breed1', 'Color2', 'Breed2', 'MaturitySize')",0.5635211737245749,0.5625237412645834,0.5652096027238046,0.5635211737245749
"('PhotoAmt', 'Breed1', 'State', 'Quantity', 'MaturitySize')",0.563187729243081,0.5631852037551914,0.5635214214569263,0.563187729243081
"('PhotoAmt', 'Breed1', 'Quantity', 'Fee')",0.563187729243081,0.5631741304258491,0.5635534240341431,0.563187729243081
"('Breed1', 'Color1', 'State', 'Quantity')",0.563187729243081,0.5626471522395499,0.5643622960189542,0.5631877292430811
"('PhotoAmt', 'Breed1', 'State', 'Quantity', 'Fee')",0.563187729243081,0.5629566867561999,0.5630142755236134,0.563187729243081
"('PhotoAmt', 'Age', 'Color2', 'Color1')",0.563187729243081,0.561682245878062,0.563082543994487,0.563187729243081
"('Breed1', 'Color1', 'Breed2', 'Fee')",0.5628542847615872,0.5626510757000761,0.5635790996475278,0.5628542847615872
"('PhotoAmt', 'Breed1', 'Breed2', 'Quantity', 'MaturitySize')",0.5625208402800934,0.5624380480581525,0.563040791456848,0.5625208402800934
"('Breed1', 'Color2', 'Color1', 'Breed2')",0.5625208402800934,0.561201108004178,0.5645231413755086,0.5625208402800933
"('Breed1', 'Color2', 'Breed2')",0.5621873957985996,0.5621352111845479,0.562644566936121,0.5621873957985996
"('Breed1', 'Color2', 'Color1', 'Breed2', 'MaturitySize')",0.5621873957985996,0.5577565549652815,0.5669613789249659,0.5621873957985996
"('Breed1', 'Color1', 'Quantity', 'Fee')",0.5621873957985996,0.5619838767308923,0.5629102482148463,0.5621873957985996
"('PhotoAmt', 'Breed1', 'Quantity')",0.5621873957985996,0.5615914498141267,0.5634189789446543,0.5621873957985996
"('Breed1', 'Color2', 'State')",0.5615205068356118,0.5612282803231416,0.56236834803691,0.5615205068356118
"('PhotoAmt', 'Breed1', 'Color2', 'Breed2', 'Quantity')",0.5615205068356118,0.561143858075153,0.5624804331371128,0.5615205068356118
"('PhotoAmt', 'Breed1')",0.5608536178726242,0.5594120664441883,0.5629444565938452,0.5608536178726242
"('Breed1', 'Color2', 'Breed2', 'Quantity', 'Fee')",0.5608536178726242,0.5606758574690408,0.5615322388525368,0.5608536178726241
"('PhotoAmt', 'Breed1', 'Color2', 'Quantity', 'Fee')",0.5605201733911304,0.5605122574699343,0.560867926525395,0.5605201733911302
"('Breed1', 'Color1', 'Breed2', 'MaturitySize')",0.5605201733911304,0.5598417536385272,0.5618300469846585,0.5605201733911304
"('PhotoAmt', 'Breed1', 'MaturitySize')",0.5601867289096365,0.5573038589438075,0.5635541892074587,0.5601867289096365
"('Breed1', 'Color2', 'State', 'MaturitySize', 'Fee')",0.5598532844281428,0.5576246138554055,0.5626416045033126,0.5598532844281428
"('Breed1', 'Color1', 'Breed2')",0.5595198399466489,0.5594828143411718,0.5599398782814378,0.5595198399466489
"('PhotoAmt', 'Breed1', 'Fee')",0.5588529509836612,0.558590165359459,0.5596480673501831,0.5588529509836612
"('Breed1', 'Breed2', 'Quantity', 'Fee')",0.5588529509836612,0.5588771850966298,0.5589224182873589,0.5588529509836612
"('Breed1', 'Color1', 'Breed2', 'Quantity')",0.5588529509836612,0.5582070540743436,0.560111345515039,0.5588529509836613
"('Breed1', 'Color2', 'State', 'MaturitySize')",0.5588529509836612,0.5571182947096112,0.5611755983586615,0.5588529509836612
"('Breed1', 'Color1')",0.5588529509836612,0.558749583798002,0.5587368086531104,0.5588529509836612
"('Breed1', 'Breed2')",0.5581860620206736,0.5581451729126797,0.5581252579345654,0.5581860620206736
"('Breed1', 'Color1', 'Fee')",0.5581860620206736,0.5581628757143067,0.5585719582747011,0.5581860620206736
"('Breed1', 'Color2', 'Fee')",0.5581860620206736,0.5581117449359866,0.558092161943999,0.5581860620206736
"('PhotoAmt', 'Breed1', 'Color2', 'Color1', 'Breed2')",0.5578526175391797,0.5557807331923377,0.5604500663328315,0.5578526175391797
"('Breed1', 'Quantity', 'MaturitySize', 'Fee')",0.5578526175391797,0.5574265526076554,0.5588514612567634,0.5578526175391797
"('Breed1', 'Breed2', 'Quantity', 'MaturitySize')",0.557519173057686,0.5572080311677475,0.558372725078265,0.557519173057686
"('Breed1', 'Quantity', 'Fee')",0.5571857285761921,0.5566161213023867,0.558345411412069,0.5571857285761921
"('Breed1', 'State', 'Quantity', 'MaturitySize')",0.5571857285761921,0.5554632457722182,0.559461095913196,0.5571857285761921
"('Breed1',)",0.5568522840946982,0.555880755190529,0.5566081939062177,0.5568522840946982
"('Breed1', 'Breed2', 'Quantity', 'MaturitySize', 'Fee')",0.5568522840946982,0.556697943588008,0.5574819570184457,0.5568522840946982
"('Breed1', 'Color1', 'Quantity', 'MaturitySize', 'Fee')",0.5568522840946982,0.5558396120249284,0.5584662179322607,0.5568522840946982
"('Breed1', 'Color2', 'Breed2', 'Quantity')",0.5565188396132044,0.5558342430495001,0.5577972019733487,0.5565188396132044
"('PhotoAmt', 'Breed1', 'Color2', 'MaturitySize', 'Fee')",0.5561853951317106,0.5558041635726453,0.5571198251051686,0.5561853951317106
"('PhotoAmt', 'Breed1', 'Color1', 'Breed2')",0.5561853951317106,0.5537862271654769,0.559014836589189,0.5561853951317106
"('Breed1', 'Color2', 'MaturitySize')",0.5561853951317106,0.556018481428115,0.5568324445708591,0.5561853951317106
"('Color2', 'State', 'Breed2')",0.5561853951317106,0.5509500692945758,0.5569502169193886,0.5561853951317106
"('PhotoAmt', 'Breed1', 'State', 'Quantity')",0.5561853951317106,0.5561061417922862,0.5566864862231589,0.5561853951317106
"('Breed1', 'Color2', 'Color1', 'State', 'MaturitySize')",0.5558519506502168,0.5539318829389799,0.5582689557508104,0.5558519506502168
"('Breed1', 'Breed2', 'Quantity')",0.5558519506502168,0.5554428453366845,0.5568179222967263,0.5558519506502168
"('Breed1', 'Color2', 'State', 'Breed2', 'Quantity')",0.5558519506502168,0.5554239578230746,0.5568402754425098,0.5558519506502168
"('PhotoAmt', 'State', 'Breed2')",0.5555185061687229,0.5514501221672189,0.5558987326885014,0.5555185061687229
"('PhotoAmt', 'Breed1', 'Color2', 'Breed2')",0.5555185061687229,0.5541941353115427,0.5574050483657534,0.555518506168723
"('PhotoAmt', 'Breed1', 'Color1', 'State')",0.5555185061687229,0.5553872323038375,0.55610785928061,0.5555185061687229
"('PhotoAmt', 'Breed1', 'Color1', 'Breed2', 'MaturitySize')",0.555185061687229,0.5547371128888297,0.5561923121597808,0.555185061687229
"('PhotoAmt', 'Breed1', 'Color1', 'State', 'MaturitySize')",0.555185061687229,0.5548297057900573,0.5560822325699135,0.555185061687229
"('Breed1', 'MaturitySize')",0.5548516172057353,0.5545465369750022,0.554642485062771,0.5548516172057353
"('PhotoAmt', 'State', 'Breed2', 'MaturitySize')",0.5545181727242414,0.5544691358114917,0.5549575534937117,0.5545181727242414
"('State', 'Breed2')",0.5545181727242414,0.5533172302982201,0.5542710311710137,0.5545181727242414
"('PhotoAmt', 'Breed1', 'Color2', 'Fee')",0.5545181727242414,0.5540498118915664,0.5555442912111994,0.5545181727242414
"('Breed1', 'Color2', 'Color1', 'State')",0.5545181727242414,0.5525123127952448,0.5569753046732652,0.5545181727242414
"('PhotoAmt', 'Breed1', 'Color1', 'Quantity', 'Fee')",0.5541847282427476,0.5540042683645463,0.554845637013625,0.5541847282427476
"('PhotoAmt', 'Breed1', 'Color2', 'State', 'Fee')",0.5541847282427476,0.5541794740249836,0.5545204979039785,0.5541847282427476
"('Breed1', 'Color2', 'Color1', 'Breed2', 'Quantity')",0.5538512837612537,0.5514616219401443,0.5566048681317929,0.5538512837612537
"('PhotoAmt', 'State', 'Breed2', 'Fee')",0.5538512837612537,0.5507191821573127,0.5539333582524355,0.5538512837612537
"('Breed1', 'Color1', 'State', 'Quantity', 'MaturitySize')",0.55351783927976,0.5528165697165947,0.5547848210692339,0.55351783927976
"('PhotoAmt', 'Breed1', 'Color2', 'State')",0.5531843947982661,0.5527538314436337,0.5541586943568382,0.5531843947982661
"('Breed1', 'Color2', 'Color1', 'State', 'Fee')",0.5528509503167722,0.5521962656944027,0.5540642162461109,0.5528509503167722
"('Breed1', 'Color2')",0.5528509503167722,0.5525365258447246,0.5536855474863406,0.5528509503167722
"('PhotoAmt', 'Breed1', 'Color2', 'Breed2', 'Fee')",0.5528509503167722,0.5516160161178408,0.5546134980736803,0.5528509503167722
"('PhotoAmt', 'Breed1', 'Color1', 'State', 'Fee')",0.5525175058352785,0.5523795725969876,0.5531094990861475,0.5525175058352785
"('Breed1', 'Color2', 'Color1', 'MaturitySize', 'Fee')",0.5525175058352785,0.5492571235097539,0.555905154915954,0.5525175058352785
"('Breed1', 'Color2', 'State', 'Quantity')",0.5525175058352785,0.5517528237129675,0.5538379131109852,0.5525175058352785
"('PhotoAmt', 'Breed1', 'Color1', 'Breed2', 'Fee')",0.5525175058352785,0.5508882924506946,0.5546146424840357,0.5525175058352785
"('Breed1', 'Color1', 'MaturitySize')",0.5521840613537846,0.5466199371057828,0.5572489452957303,0.5521840613537846
"('PhotoAmt', 'State', 'Fee')",0.5521840613537846,0.5294432139265441,0.5597223963747219,0.5521840613537846
"('Breed1', 'Quantity', 'MaturitySize')",0.5521840613537846,0.5519325493437027,0.5529356573765478,0.5521840613537846
"('PhotoAmt', 'State', 'Breed2', 'MaturitySize', 'Fee')",0.5515171723907969,0.5514463614202852,0.5519942298666178,0.5515171723907969
"('Breed1', 'Color2', 'Color1', 'Fee')",0.5511837279093031,0.5492831791694476,0.5534749244598014,0.5511837279093031
"('PhotoAmt', 'Breed1', 'Color1', 'MaturitySize', 'Fee')",0.5511837279093031,0.5504665883439078,0.552444067532779,0.5511837279093031
"('PhotoAmt', 'Breed1', 'Color2', 'Quantity')",0.5505168389463154,0.5502412858067841,0.5512921098792246,0.5505168389463154
"('PhotoAmt', 'Breed1', 'Color2', 'State', 'MaturitySize')",0.5501833944648216,0.5500267313018983,0.550797171452436,0.5501833944648216
"('Breed1', 'Color1', 'Quantity')",0.5501833944648216,0.5492964717427801,0.5515947524252848,0.5501833944648216
"('PhotoAmt', 'Breed1', 'Color2', 'Breed2', 'MaturitySize')",0.5498499499833278,0.5493144243681606,0.5509154941231988,0.5498499499833278
"('Breed1', 'Quantity')",0.5498499499833278,0.5497833807670235,0.5503163525055391,0.5498499499833278
"('State', 'Breed2', 'Fee')",0.549516505501834,0.5237582824062709,0.5577882886380696,0.549516505501834
"('Color1', 'State', 'MaturitySize')",0.549516505501834,0.5459034595331614,0.5495773760553881,0.549516505501834
"('Color2', 'State')",0.5491830610203401,0.5084512788073522,0.565622703320109,0.5491830610203401
"('PhotoAmt', 'State')",0.5491830610203401,0.5174725324134164,0.560360609346869,0.5491830610203401
"('PhotoAmt', 'Breed1', 'Color1', 'State', 'Quantity')",0.5491830610203401,0.5487486418744721,0.5501363227283309,0.5491830610203401
"('Breed1', 'Color2', 'Breed2', 'Quantity', 'MaturitySize')",0.5488496165388462,0.5481410148069846,0.5500792721995333,0.5488496165388462
"('Color1', 'State', 'Breed2', 'MaturitySize')",0.5488496165388462,0.5417895624162358,0.5547136037873531,0.5488496165388462
"('PhotoAmt', 'State', 'MaturitySize', 'Fee')",0.5488496165388462,0.5466459296270756,0.5486425455477176,0.5488496165388462
"('Breed1', 'Color2', 'Quantity', 'MaturitySize')",0.5488496165388462,0.5479047179765023,0.5502978391138934,0.5488496165388462
"('Breed1', 'Color1', 'Quantity', 'MaturitySize')",0.5488496165388462,0.5467977150126401,0.5512039474060952,0.5488496165388462
"('PhotoAmt', 'Breed1', 'Color2', 'Color1', 'State')",0.5488496165388462,0.5488631601320818,0.5491238970659146,0.5488496165388462
"('Breed1', 'Color2', 'Color1', 'MaturitySize')",0.5485161720573525,0.5439777308461882,0.5526442833367771,0.5485161720573525
"('PhotoAmt', 'Breed1', 'Color2', 'Color1', 'Fee')",0.5485161720573525,0.5484207886025639,0.5490305223627271,0.5485161720573525
"('Color2', 'Color1', 'State', 'Breed2', 'MaturitySize')",0.5485161720573525,0.5469811310684205,0.5504577919935829,0.5485161720573525
"('Breed1', 'Color2', 'State', 'Quantity', 'Fee')",0.5481827275758586,0.5475212080655598,0.5493608934813891,0.5481827275758586
"('State', 'Breed2', 'Quantity', 'Fee')",0.5478492830943648,0.5299031478363072,0.552335229361061,0.5478492830943648
"('State', 'Breed2', 'MaturitySize', 'Fee')",0.547515838612871,0.5369873390543967,0.5555580569955517,0.547515838612871
"('PhotoAmt', 'Breed1', 'Color2')",0.547515838612871,0.5463298263002725,0.5491545897978077,0.547515838612871
"('PhotoAmt', 'Breed1', 'Color1')",0.547515838612871,0.5473054994088508,0.5481955166958518,0.547515838612871
"('PhotoAmt', 'Breed1', 'Color2', 'Color1', 'Quantity')",0.5471823941313771,0.5463567042504147,0.5485041861248732,0.5471823941313771
"('Breed1', 'Color2', 'Color1', 'State', 'Quantity')",0.5471823941313771,0.5452649014205868,0.5493946046955293,0.5471823941313771
"('Color1', 'State', 'MaturitySize', 'Fee')",0.5468489496498833,0.544965548405851,0.5465708431932282,0.5468489496498833
"('PhotoAmt', 'Breed1', 'Color2', 'State', 'Quantity')",0.5465155051683894,0.5464950342224804,0.5468835596014443,0.5465155051683894
"('State', 'Breed2', 'Quantity')",0.5465155051683894,0.5261235437255766,0.5516872363496047,0.5465155051683894
"('PhotoAmt', 'Color1', 'State', 'MaturitySize')",0.5465155051683894,0.546398518032832,0.5470600570570457,0.5465155051683894
"('PhotoAmt', 'Breed2', 'Quantity', 'MaturitySize', 'Fee')",0.5465155051683894,0.5460588257337393,0.5474754579556113,0.5465155051683894
"('PhotoAmt', 'State', 'Breed2', 'Quantity')",0.5461820606868957,0.5438785403180981,0.545938015915422,0.5461820606868957
"('PhotoAmt', 'State', 'Breed2', 'Quantity', 'MaturitySize')",0.5461820606868957,0.5462133459443108,0.5463613488434408,0.5461820606868957
"('Breed1', 'Color2', 'Color1')",0.5461820606868957,0.5433059514182271,0.5490617534206532,0.5461820606868957
"('PhotoAmt', 'State', 'MaturitySize')",0.5458486162054018,0.5458486162054018,0.5458486162054018,0.5458486162054018
"('PhotoAmt', 'Color1', 'State', 'Breed2')",0.5451817272424141,0.5449260634612273,0.5449735325841032,0.5451817272424141
"('PhotoAmt', 'Color1', 'State', 'Breed2', 'Fee')",0.5451817272424141,0.5450232115122249,0.5450218106489332,0.5451817272424141
"('PhotoAmt', 'Breed1', 'Color1', 'Fee')",0.5451817272424141,0.5448534069016333,0.5459948336397435,0.5451817272424141
"('PhotoAmt', 'Color2', 'Color1', 'Breed2')",0.5451817272424141,0.5437756431719323,0.5469611206240997,0.5451817272424141
"('PhotoAmt', 'Breed2', 'MaturitySize', 'Fee')",0.5451817272424141,0.5446188669120199,0.546239252847842,0.5451817272424141
"('State', 'Breed2', 'MaturitySize')",0.5448482827609203,0.5336748172572086,0.5529744342868884,0.5448482827609203
"('Breed1', 'Color2', 'Quantity', 'MaturitySize', 'Fee')",0.5448482827609203,0.5440315294955813,0.5461371784408272,0.5448482827609203
"('Color1', 'State', 'Breed2', 'MaturitySize', 'Fee')",0.5448482827609203,0.5388425308760952,0.5497247427941006,0.5448482827609203
"('Color2', 'State', 'Breed2', 'MaturitySize', 'Fee')",0.5445148382794265,0.5435466355609481,0.545930297805437,0.5445148382794265
"('Color2', 'State', 'Breed2', 'MaturitySize')",0.5441813937979326,0.5381668422766462,0.5490181782343105,0.5441813937979326
"('PhotoAmt', 'Color1', 'State', 'MaturitySize', 'Fee')",0.5441813937979326,0.544208765100266,0.5442633597515603,0.5441813937979326
"('Color1', 'State', 'Breed2', 'Quantity', 'MaturitySize')",0.5441813937979326,0.5378782039108191,0.5491986786867064,0.5441813937979326
"('Color2', 'State', 'Breed2', 'Quantity')",0.5441813937979326,0.5372891017135649,0.5447366384187674,0.5441813937979326
"('Breed1', 'Color2', 'Color1', 'Quantity', 'MaturitySize')",0.5438479493164388,0.5407825807740438,0.5467769642651067,0.5438479493164388
"('Breed1', 'Color2', 'Quantity')",0.543514504834945,0.5430647642800775,0.5444480034058358,0.543514504834945
"('Color2', 'State', 'Breed2', 'Quantity', 'Fee')",0.543514504834945,0.5363008566674791,0.5441015403094759,0.543514504834945
"('PhotoAmt', 'MaturitySize', 'Fee')",0.543514504834945,0.5430843803826724,0.5444279638551293,0.543514504834945
"('Color1', 'State', 'Quantity', 'MaturitySize', 'Fee')",0.5431810603534512,0.5377584339449218,0.5433638474732451,0.5431810603534512
"('PhotoAmt', 'State', 'Breed2', 'Quantity', 'Fee')",0.5431810603534512,0.5431088959546444,0.5430850390062121,0.5431810603534512
"('PhotoAmt', 'Breed1', 'Color1', 'Quantity', 'MaturitySize')",0.5431810603534512,0.5414424335740273,0.5451733162615003,0.5431810603534512
"('PhotoAmt', 'Breed1', 'Color2', 'MaturitySize')",0.5431810603534512,0.5411653924775279,0.545371959863389,0.5431810603534512
"('PhotoAmt', 'State', 'Quantity', 'MaturitySize', 'Fee')",0.5425141713904635,0.5404702763886555,0.5421806970063169,0.5425141713904635
"('Color1', 'State', 'Breed2', 'Fee')",0.5425141713904635,0.5388170883464187,0.542369239424075,0.5425141713904635
"('PhotoAmt', 'Color2', 'State', 'Breed2')",0.5421807269089697,0.5403960503303752,0.5418272531690157,0.5421807269089697
"('PhotoAmt', 'Color1', 'Breed2')",0.5421807269089697,0.5411178429856123,0.5418237355399638,0.5421807269089697
"('PhotoAmt', 'Breed2', 'Quantity', 'MaturitySize')",0.5418472824274758,0.5410383209120332,0.5430980131088043,0.5418472824274758
"('PhotoAmt', 'Color2', 'MaturitySize', 'Fee')",0.5418472824274758,0.5418087549278535,0.5417875747682023,0.5418472824274758
"('State', 'Breed2', 'Quantity', 'MaturitySize', 'Fee')",0.541513837945982,0.5341814476683633,0.5469525305307269,0.541513837945982
"('PhotoAmt', 'Color1', 'Breed2', 'Quantity')",0.541513837945982,0.5405376984800497,0.5411569174326077,0.541513837945982
"('PhotoAmt', 'Color1', 'Breed2', 'MaturitySize', 'Fee')",0.5411803934644882,0.5404472701049161,0.5423595327563381,0.5411803934644882
"('PhotoAmt', 'Color1', 'MaturitySize')",0.5411803934644882,0.5405441992287999,0.5422742167826723,0.5411803934644882
"('PhotoAmt', 'Quantity', 'MaturitySize', 'Fee')",0.5408469489829943,0.5397372444116297,0.5423292876855829,0.5408469489829943
"('PhotoAmt', 'Breed1', 'Color1', 'MaturitySize')",0.5408469489829943,0.5389627666022573,0.5428926667948192,0.5408469489829943
"('Color2', 'State', 'Breed2', 'Quantity', 'MaturitySize')",0.5408469489829943,0.5404143110204089,0.5417466430585746,0.5408469489829943
"('Color2', 'Color1', 'State', 'Breed2', 'Fee')",0.5405135045015005,0.537642959818641,0.5402109877990463,0.5405135045015005
"('Breed1', 'Color2', 'State', 'Quantity', 'MaturitySize')",0.5405135045015005,0.5389512545142419,0.5423264486022875,0.5405135045015005
"('Breed1', 'Color2', 'Color1', 'Quantity', 'Fee')",0.5401800600200066,0.5384491470987708,0.5421054188081378,0.5401800600200066
"('PhotoAmt', 'Breed1', 'Color1', 'Quantity')",0.5398466155385129,0.5384925114497177,0.5414977544252962,0.5398466155385129
"('PhotoAmt', 'Color1', 'Breed2', 'Quantity', 'Fee')",0.5398466155385129,0.5398792601105304,0.539970001480801,0.5398466155385129
"('PhotoAmt', 'Color2', 'State', 'Fee')",0.5398466155385129,0.5366161968438653,0.5395644241261851,0.5398466155385129
"('Color1', 'Breed2', 'MaturitySize', 'Fee')",0.5398466155385129,0.531027448471601,0.5459975642084254,0.5398466155385129
"('PhotoAmt', 'Color1', 'State', 'Breed2', 'Quantity')",0.539513171057019,0.5394052722789424,0.5393848215746084,0.539513171057019
"('PhotoAmt', 'Breed2', 'MaturitySize')",0.5391797265755252,0.5386952395465157,0.5401190729290035,0.5391797265755252
"('Breed1', 'Color2', 'Color1', 'Quantity')",0.5388462820940313,0.5355657123631267,0.5417327402412312,0.5388462820940313
"('State', 'Breed2', 'Quantity', 'MaturitySize')",0.5385128376125375,0.5268312855983873,0.5461226679610872,0.5385128376125375
"('PhotoAmt', 'MaturitySize')",0.5381793931310437,0.5376834673506478,0.5391227419621818,0.5381793931310437
"('Color2', 'Color1', 'Breed2', 'Quantity')",0.5381793931310437,0.5371961544689955,0.5377982994038208,0.5381793931310437
"('Color1', 'State', 'Breed2', 'Quantity', 'Fee')",0.5378459486495498,0.5363969401035331,0.5374349799071299,0.5378459486495498
"('PhotoAmt', 'Breed1', 'Color2', 'Quantity', 'MaturitySize')",0.5378459486495498,0.536976131654098,0.5391040729839026,0.5378459486495498
"('PhotoAmt', 'Color1', 'State', 'Breed2', 'MaturitySize')",0.5375125041680561,0.5370961851265617,0.5383762728777227,0.5375125041680561
"('Color1', 'Breed2', 'Quantity', 'Fee')",0.5375125041680561,0.5361489822040467,0.5371008307328314,0.5375125041680561
"('PhotoAmt', 'Color2', 'Breed2', 'MaturitySize')",0.5375125041680561,0.5372527520027668,0.5382142170272203,0.5375125041680561
"('State', 'Quantity', 'Fee')",0.5371790596865622,0.4966250186502765,0.5473430545988831,0.5371790596865622
"('Color1', 'Breed2', 'Fee')",0.5371790596865622,0.5330326385959013,0.5369161084044674,0.5371790596865622
"('State', 'Fee')",0.5371790596865622,0.4848518568374712,0.5529075887102554,0.5371790596865622
"('PhotoAmt', 'Color2', 'Color1', 'Breed2', 'Quantity')",0.5371790596865622,0.5367619980185351,0.5368975044745649,0.5371790596865622
"('PhotoAmt', 'Color1', 'Quantity')",0.5371790596865622,0.534716787648547,0.536774434858643,0.5371790596865622
"('PhotoAmt', 'Color2', 'Breed2', 'MaturitySize', 'Fee')",0.5371790596865622,0.5352597247112734,0.5391675482280397,0.5371790596865622
"('PhotoAmt', 'Color1', 'Breed2', 'MaturitySize')",0.5368456152050683,0.535987548087454,0.538083709613441,0.5368456152050683
"('Breed1', 'Color2', 'Quantity', 'Fee')",0.5368456152050683,0.5362151742511971,0.5378983643099167,0.5368456152050683
"('PhotoAmt', 'Color2', 'State', 'Breed2', 'MaturitySize')",0.5361787262420807,0.5360356617667938,0.5360224256730182,0.5361787262420807
"('Color2', 'Breed2', 'MaturitySize', 'Fee')",0.5361787262420807,0.5283546937713769,0.5414475014767262,0.5361787262420807
"('Color2', 'Color1', 'Breed2', 'Fee')",0.5358452817605869,0.5340397877371443,0.5377316456035979,0.5358452817605869
"('Color2', 'Color1')",0.5358452817605869,0.5340787354270409,0.5377065173607175,0.5358452817605869
"('PhotoAmt', 'Breed2')",0.5358452817605869,0.5358100852138419,0.5362331556857336,0.5358452817605869
"('PhotoAmt', 'Breed1', 'Color2', 'Color1')",0.5358452817605869,0.5346447425644848,0.5373250142490285,0.5358452817605869
"('PhotoAmt', 'Color2', 'State', 'MaturitySize', 'Fee')",0.5358452817605869,0.5352126641615744,0.5355035519454864,0.5358452817605869
"('Color1', 'State', 'Quantity', 'MaturitySize')",0.5358452817605869,0.5284703650027979,0.5359631779197257,0.5358452817605869
"('PhotoAmt', 'Color1', 'Breed2', 'Fee')",0.535511837279093,0.5348904811119685,0.5351711704469567,0.535511837279093
"('Color1', 'Breed2')",0.535511837279093,0.5057799783641466,0.5529419143149805,0.535511837279093
"('PhotoAmt', 'Color2', 'State', 'Quantity', 'MaturitySize')",0.5351783927975992,0.5335391549199083,0.5347312183936899,0.5351783927975992
"('PhotoAmt', 'Color2', 'State', 'Breed2', 'Fee')",0.5351783927975992,0.5351961748182854,0.5352215719115939,0.5351783927975992
"('PhotoAmt', 'State', 'Quantity', 'Fee')",0.5351783927975992,0.5303939383628693,0.5349110969934637,0.5351783927975992
"('Color2', 'Color1', 'Breed2', 'MaturitySize', 'Fee')",0.5351783927975992,0.5298517430516979,0.5390522929702657,0.5351783927975992
"('Color1', 'MaturitySize', 'Fee')",0.5348449483161054,0.5305104601853172,0.5381682176753746,0.5348449483161054
"('Color2', 'Breed2', 'Quantity', 'MaturitySize', 'Fee')",0.5348449483161054,0.5257076308523913,0.5406751215320315,0.5348449483161054
"('PhotoAmt', 'Color1', 'State', 'Fee')",0.5348449483161054,0.5313370542513173,0.5344491336119549,0.5348449483161054
"('Breed2', 'MaturitySize')",0.5348449483161054,0.5250698678187387,0.5410021358000644,0.5348449483161054
"('PhotoAmt', 'Color1', 'Fee')",0.5345115038346115,0.5332892461654974,0.5340799787168301,0.5345115038346115
"('Color2', 'Color1', 'State', 'Breed2', 'Quantity')",0.5345115038346115,0.5323894756783734,0.5340496329003313,0.5345115038346115
"('Color2', 'Color1', 'State', 'Breed2')",0.5345115038346115,0.5338770683689352,0.5341638151419548,0.5345115038346115
"('PhotoAmt', 'Color2', 'State', 'Quantity', 'Fee')",0.5341780593531177,0.531583350854828,0.5337184223441691,0.5341780593531177
"('PhotoAmt', 'Quantity', 'MaturitySize')",0.5341780593531177,0.5317969226714083,0.5363795455076883,0.5341780593531177
"('PhotoAmt', 'Color2', 'State', 'MaturitySize')",0.5338446148716238,0.5333434569382897,0.5335283235332882,0.5338446148716238
"('State',)",0.5338446148716238,0.4552763673030934,0.5635643865496573,0.5338446148716238
"('PhotoAmt', 'Breed2', 'Fee')",0.5335111703901301,0.533508472512489,0.5335058932460162,0.5335111703901301
"('PhotoAmt', 'Color2', 'Color1', 'Breed2', 'Fee')",0.5331777259086362,0.531627167072291,0.534849420701004,0.5331777259086362
"('PhotoAmt', 'Fee')",0.5331777259086362,0.5217572463236007,0.5337437030838142,0.5331777259086362
"('Breed2', 'Quantity', 'MaturitySize', 'Fee')",0.5331777259086362,0.5192103188891134,0.5412384942651429,0.5331777259086362
"('Color1', 'Breed2', 'Quantity')",0.5328442814271424,0.5318201189028828,0.5324205509450094,0.5328442814271424
"('State', 'MaturitySize', 'Fee')",0.5328442814271424,0.5163345152233373,0.542127186923938,0.5328442814271424
"('PhotoAmt', 'State', 'Quantity', 'MaturitySize')",0.5325108369456486,0.5324417035817534,0.5329531972438367,0.5325108369456486
"('Breed2', 'MaturitySize', 'Fee')",0.5325108369456486,0.5147956619335575,0.5423398580278581,0.5325108369456486
"('Color2', 'Color1', 'State', 'MaturitySize', 'Fee')",0.5325108369456486,0.532535166710998,0.5325765452860233,0.5325108369456486
"('PhotoAmt', 'Breed2', 'Quantity', 'Fee')",0.5325108369456486,0.5315007893278306,0.5320866159650627,0.5325108369456486
"('PhotoAmt', 'Color2', 'Quantity', 'MaturitySize', 'Fee')",0.5325108369456486,0.5325365145040629,0.5327331973351394,0.5325108369456486
"('Color2', 'State', 'Breed2', 'Fee')",0.5321773924641547,0.5318567725662383,0.5319206956036834,0.5321773924641547
"('PhotoAmt', 'Color2', 'Color1', 'State', 'Breed2')",0.5321773924641547,0.5321562664884693,0.5321409378769817,0.5321773924641547
"('PhotoAmt', 'Color2', 'State', 'Breed2', 'Quantity')",0.5321773924641547,0.5299363643124596,0.5316760357912081,0.5321773924641547
"('Color2', 'Breed2', 'MaturitySize')",0.5318439479826609,0.5218652832434891,0.5377815070969509,0.5318439479826609
"('Color1', 'Quantity', 'MaturitySize', 'Fee')",0.531510503501167,0.5263107906975377,0.535111232818802,0.531510503501167
"('PhotoAmt', 'State', 'Quantity')",0.531510503501167,0.5164824221512829,0.5325075441359285,0.531510503501167
"('PhotoAmt', 'Color2', 'State')",0.5311770590196733,0.5220137344725153,0.5312153980834072,0.5311770590196733
"('PhotoAmt', 'Color1', 'Quantity', 'MaturitySize')",0.5311770590196733,0.5310780123893685,0.5316617793173278,0.5311770590196733
"('PhotoAmt', 'Color2', 'Breed2', 'Quantity', 'MaturitySize')",0.5311770590196733,0.5311890480750616,0.5314510261234487,0.5311770590196733
"('PhotoAmt', 'Color1', 'Breed2', 'Quantity', 'MaturitySize')",0.5311770590196733,0.5304533426523288,0.5322558502350525,0.5311770590196733
"('Color1', 'Quantity', 'Fee')",0.5311770590196733,0.5285418656888914,0.5306565418134699,0.5311770590196733
"('Color2', 'State', 'MaturitySize', 'Fee')",0.5311770590196733,0.5306413513902006,0.5321070996648266,0.5311770590196733
"('Color2', 'Color1', 'State', 'Quantity', 'MaturitySize')",0.5308436145381794,0.5286399875922797,0.5303200433739369,0.5308436145381794
"('Color2', 'Color1', 'MaturitySize', 'Fee')",0.5305101700566855,0.5249231598738168,0.5342425946746061,0.5305101700566855
"('Breed2', 'Quantity', 'Fee')",0.5305101700566855,0.5173300973878567,0.5310657726855941,0.5305101700566855
"('Color2', 'Color1', 'State', 'MaturitySize')",0.5301767255751917,0.530148506081068,0.5301298339017204,0.5301767255751917
"('Color1', 'Breed2', 'MaturitySize')",0.5301767255751917,0.5239773816882184,0.5341803224787207,0.5301767255751917
"('PhotoAmt', 'Color1', 'State', 'Quantity', 'MaturitySize')",0.5298432810936979,0.5296983586898305,0.5303856452713765,0.5298432810936979
"('Color2', 'Color1', 'Breed2', 'Quantity', 'MaturitySize')",0.5298432810936979,0.5296319442015035,0.5304630582256817,0.5298432810936979
"('PhotoAmt', 'Breed2', 'Quantity')",0.5298432810936979,0.5282228753344026,0.5293323061988213,0.5298432810936979
"('PhotoAmt', 'Color2', 'Color1')",0.5298432810936979,0.5295789952201837,0.5296092693165125,0.5298432810936979
"('Color2', 'Breed2', 'Quantity')",0.5298432810936979,0.529512364697911,0.5295778509988416,0.5298432810936979
"('PhotoAmt', 'Color1')",0.5295098366122041,0.5268891253086345,0.5289553198502589,0.5295098366122041
"('Color1', 'State', 'Quantity', 'Fee')",0.5295098366122041,0.5255038938320731,0.5289793588905524,0.5295098366122041
"('PhotoAmt', 'Color2', 'Breed2', 'Quantity')",0.5295098366122041,0.5277545471899503,0.5289853005230163,0.5295098366122041
"('Color1', 'State', 'Breed2')",0.5291763921307102,0.5234466423252018,0.5287308358961367,0.5291763921307102
"('Breed2', 'Quantity', 'MaturitySize')",0.5291763921307102,0.5142836538940102,0.5370480972164781,0.5291763921307102
"('Color2', 'State', 'Quantity', 'MaturitySize', 'Fee')",0.5291763921307102,0.5270989300571309,0.5310799241945687,0.5291763921307102
"('PhotoAmt', 'Color2', 'Breed2', 'Quantity', 'Fee')",0.5291763921307102,0.5276278018400189,0.5286634956158074,0.5291763921307102
"('Color2', 'State', 'Quantity', 'MaturitySize')",0.5288429476492164,0.5282126703598072,0.5284730874756608,0.5288429476492164
"('Color2', 'Color1', 'Breed2')",0.5288429476492164,0.5163390643457354,0.5355873035527893,0.5288429476492164
"('PhotoAmt', 'Color2', 'Color1', 'MaturitySize')",0.5288429476492164,0.528791060674611,0.5287656273402951,0.5288429476492164
"('Color2', 'Color1', 'Breed2', 'Quantity', 'Fee')",0.5288429476492164,0.5278100128549418,0.5283892771181412,0.5288429476492164
"('PhotoAmt', 'Color2', 'Color1', 'Quantity', 'MaturitySize')",0.5285095031677226,0.5285310005236553,0.528564248182538,0.5285095031677226
"('PhotoAmt', 'Color2', 'Fee')",0.5285095031677226,0.5277933065043386,0.5281164117304796,0.5285095031677226
"('Color2', 'Color1', 'Quantity', 'MaturitySize')",0.5285095031677226,0.5273223048905149,0.5298771691241246,0.5285095031677226
"('State', 'Quantity')",0.5281760586862287,0.493002956776162,0.5326162649080943,0.5281760586862287
"('State', 'Quantity', 'MaturitySize', 'Fee')",0.5281760586862287,0.5176879756945012,0.5339467801527712,0.5281760586862287
"('PhotoAmt', 'Color2', 'MaturitySize')",0.5281760586862287,0.527658070809759,0.5278367501550982,0.5281760586862287
"('PhotoAmt', 'Quantity', 'Fee')",0.5278426142047349,0.5251404756856352,0.5272526534882284,0.5278426142047349
"('PhotoAmt', 'Color2', 'Color1', 'Quantity')",0.5278426142047349,0.5267309147689656,0.5273690653111999,0.5278426142047349
"('Quantity', 'MaturitySize', 'Fee')",0.5275091697232411,0.5105607212814378,0.5360150068726474,0.5275091697232411
"('Color1', 'Breed2', 'Quantity', 'MaturitySize', 'Fee')",0.5275091697232411,0.5253169086838456,0.5294360073457203,0.5275091697232411
"('Color2', 'State', 'Quantity', 'Fee')",0.5275091697232411,0.4986467205377928,0.5303156971245756,0.5275091697232411
"('Color1', 'State', 'Breed2', 'Quantity')",0.5275091697232411,0.5264429810103087,0.5270404111055127,0.5275091697232411
"('PhotoAmt', 'Color1', 'Quantity', 'Fee')",0.5275091697232411,0.5262520242032815,0.527011747611037,0.5275091697232411
"('PhotoAmt', 'Color2', 'Quantity', 'MaturitySize')",0.5271757252417473,0.5267297222295946,0.5268583024386683,0.5271757252417473
"('PhotoAmt', 'Color1', 'Quantity', 'MaturitySize', 'Fee')",0.5271757252417473,0.527147336607162,0.5275411638110814,0.5271757252417473
"('Breed2', 'Quantity')",0.5271757252417473,0.5103562499232204,0.5278167007185963,0.5271757252417473
"('Color1', 'State', 'Fee')",0.5268422807602534,0.5185259616925414,0.5264613178869791,0.5268422807602534
"('PhotoAmt', 'Color2', 'Color1', 'MaturitySize', 'Fee')",0.5265088362787596,0.5265250510949411,0.5267679720658043,0.5265088362787596
"('Color2', 'Color1', 'Fee')",0.5265088362787596,0.5245862728190976,0.5282687466877223,0.5265088362787596
"('Color2', 'Breed2')",0.5261753917972658,0.5206416897463958,0.5296294571027348,0.5261753917972658
"('Color2', 'State', 'Quantity')",0.5261753917972658,0.48888914198808275,0.530305759298911,0.5261753917972658
"('Quantity', 'Fee')",0.5261753917972658,0.5016489259457998,0.527817519967372,0.5261753917972658
"('PhotoAmt', 'Quantity')",0.5261753917972658,0.5207255693316527,0.5255758745382513,0.5261753917972658
"('Color1', 'Breed2', 'Quantity', 'MaturitySize')",0.5261753917972658,0.5226956588483366,0.5287029930273792,0.5261753917972658
"('Color2', 'Breed2', 'Fee')",0.5258419473157719,0.5218175235435661,0.5286081753764358,0.5258419473157719
"('PhotoAmt', 'Color1', 'State', 'Quantity', 'Fee')",0.5258419473157719,0.5238918975647806,0.5252531206198376,0.5258419473157719
"('Color2', 'Quantity', 'MaturitySize')",0.5258419473157719,0.5247429628232843,0.5271190541224196,0.5258419473157719
"('PhotoAmt',)",0.5255085028342781,0.5089439101640445,0.5258572787860588,0.5255085028342781
"('MaturitySize', 'Fee')",0.5251750583527842,0.5105069489672981,0.5323131136316872,0.5251750583527842
"('PhotoAmt', 'Color2', 'Color1', 'Fee')",0.5251750583527842,0.5250286970030629,0.5257072047801002,0.5251750583527842
"('Color2', 'Breed2', 'Quantity', 'MaturitySize')",0.5251750583527842,0.5172075253167231,0.529587304801998,0.5251750583527842
"('PhotoAmt', 'Color1', 'State')",0.5248416138712905,0.5206151773963374,0.5241623171475895,0.5248416138712905
"('PhotoAmt', 'Color2', 'Color1', 'Breed2', 'MaturitySize')",0.5245081693897966,0.5237994841212025,0.5255170079548837,0.5245081693897966
"('Color1', 'MaturitySize')",0.5241747249083027,0.5207352617449658,0.5266107535550512,0.5241747249083027
"('Color2', 'Color1', 'Breed2', 'MaturitySize')",0.5241747249083027,0.5187565261466266,0.527465539143089,0.5241747249083027
"('Color2', 'Color1', 'Quantity', 'MaturitySize', 'Fee')",0.5238412804268089,0.5233824412697826,0.5246613024144512,0.5238412804268089
"('Color2', 'State', 'MaturitySize')",0.5235078359453151,0.5178021095717705,0.5268789754063238,0.5235078359453151
"('PhotoAmt', 'Color2', 'Color1', 'State', 'MaturitySize')",0.5235078359453151,0.5234465608489822,0.523418920593011,0.5235078359453151
"('PhotoAmt', 'Color2')",0.5235078359453151,0.5205054612652562,0.5228135816637478,0.5235078359453151
"('Color2', 'Breed2', 'Quantity', 'Fee')",0.5231743914638213,0.5231175299731918,0.5230904436042338,0.5231743914638213
"('Color2', 'Color1', 'MaturitySize')",0.5231743914638213,0.5200749678761041,0.5254226981684265,0.5231743914638213
"('Color1', 'State')",0.5231743914638213,0.512121836079424,0.5226979472444544,0.5231743914638213
"('PhotoAmt', 'Color2', 'State', 'Quantity')",0.5225075025008337,0.5191008506741597,0.5217721836525868,0.5225075025008337
"('PhotoAmt', 'Color1', 'State', 'Quantity')",0.5225075025008337,0.5166244675384487,0.521750766598874,0.5225075025008337
"('PhotoAmt', 'Color2', 'Quantity')",0.5225075025008337,0.5181679691436972,0.5217487227697951,0.5225075025008337
"('Color2', 'Color1', 'State', 'Fee')",0.5225075025008337,0.5128026591943308,0.5218885071795821,0.5225075025008337
"('PhotoAmt', 'Color1', 'MaturitySize', 'Fee')",0.5225075025008337,0.5225101570066014,0.522803366058182,0.5225075025008337
"('PhotoAmt', 'Color2', 'Color1', 'State')",0.5221740580193398,0.520620968444301,0.5215827454011313,0.5221740580193398
"('Color1', 'State', 'Quantity')",0.5221740580193398,0.5174840062080134,0.521399485922735,0.5221740580193398
"('Color1', 'Quantity')",0.5218406135378459,0.516785849470353,0.5210506249415474,0.5218406135378459
"('PhotoAmt', 'Breed1', 'Color2', 'Color1', 'MaturitySize')",0.5218406135378459,0.5211024846112656,0.522845878541996,0.5218406135378459
"('State', 'MaturitySize')",0.5218406135378459,0.4982071465892179,0.5318840854823842,0.5218406135378459
"('Color2', 'Color1', 'State', 'Quantity')",0.5215071690563521,0.5162115414350583,0.520702386446234,0.5215071690563521
"('PhotoAmt', 'Color2', 'Breed2', 'Fee')",0.5211737245748583,0.520198924600444,0.5206794979840318,0.5211737245748583
"('Color2', 'Color1', 'Quantity')",0.5211737245748583,0.5194692692926676,0.5227143048308543,0.5211737245748583
"('Quantity',)",0.5208402800933645,0.4814978047947951,0.5230980833308518,0.5208402800933645
"('PhotoAmt', 'Color2', 'Quantity', 'Fee')",0.5201733911303767,0.5189631058525734,0.5196212980352904,0.5201733911303767
"('Color2', 'Color1', 'State')",0.5201733911303767,0.5149996885263253,0.519314432543424,0.5201733911303767
"('Color1', 'Fee')",0.5201733911303767,0.4954937343507687,0.5203898337271184,0.5201733911303767
"('State', 'Quantity', 'MaturitySize')",0.519839946648883,0.4990498160437387,0.5283207463053888,0.519839946648883
"('PhotoAmt', 'Color2', 'Color1', 'State', 'Fee')",0.5195065021673891,0.5192601692136009,0.5192689971996439,0.5195065021673891
"('PhotoAmt', 'Color2', 'Color1', 'State', 'Quantity')",0.5195065021673891,0.5181250908096179,0.5189158491637366,0.5195065021673891
"('Color2',)",0.5191730576858953,0.5124854675514081,0.5226445110930168,0.5191730576858953
"('Color2', 'Color1', 'State', 'Quantity', 'Fee')",0.5191730576858953,0.5156314954936082,0.5183424250593531,0.5191730576858953
"('PhotoAmt', 'Color2', 'Breed2')",0.5181727242414138,0.5181196621902425,0.5180925189460134,0.5181727242414138
"('Color1', 'Quantity', 'MaturitySize')",0.5181727242414138,0.5120389787296654,0.521383937183372,0.5181727242414138
"('Breed2', 'Fee')",0.51783927975992,0.4633482841471542,0.5399267007094959,0.51783927975992
"('Color2', 'Color1', 'Quantity', 'Fee')",0.5175058352784262,0.5159591971020361,0.5189042446239769,0.5175058352784262
"('Color2', 'MaturitySize')",0.5165055018339446,0.5096244816078964,0.5198609472533322,0.5165055018339446
"('Color2', 'MaturitySize', 'Fee')",0.5165055018339446,0.5006057165429153,0.522698352114797,0.5165055018339446
"('Color2', 'State', 'Fee')",0.5161720573524509,0.5016089010722043,0.5150778593008691,0.5161720573524509
"('Color2', 'Quantity', 'MaturitySize', 'Fee')",0.515838612870957,0.495442210940073,0.523307439544657,0.515838612870957
"('Breed2',)",0.515838612870957,0.44107144795690467,0.5485965876550457,0.515838612870957
"('Fee',)",0.515838612870957,0.4132946790714896,0.5283775498829427,0.515838612870957
"('Quantity', 'MaturitySize')",0.5155051683894631,0.48377257846178234,0.5265774117120722,0.5155051683894631
"('MaturitySize',)",0.5151717239079693,0.496263997769749,0.5220464667257482,0.5151717239079693
"('Color2', 'Fee')",0.5141713904634878,0.5130611848911368,0.5153085552663804,0.5141713904634878
"('Color1',)",0.5121707235745249,0.48610995050075717,0.5105276081498699,0.5121707235745249
"('PhotoAmt', 'Color2', 'Color1', 'Quantity', 'Fee')",0.5115038346115371,0.5110533971979576,0.5111445070413271,0.5115038346115371
"('Color2', 'Quantity', 'Fee')",0.5105035011670557,0.5086811354229994,0.5118963726358189,0.5105035011670557
"('Color2', 'Quantity')",0.5091697232410803,0.5062922833412965,0.5109029559212253,0.5091697232410803
